AMT;TID;BEBO;INDHOLD
All Denmark;2010;Occupied dwellings;2558501
All Denmark;2011;Occupied dwellings;2573136
All Denmark;2012;Occupied dwellings;2583373
All Denmark;2013;Occupied dwellings;2597968
All Denmark;2014;Occupied dwellings;2612049
All Denmark;2015;Occupied dwellings;2628338
Region Hovedstaden;2010;Occupied dwellings;802375
Region Hovedstaden;2011;Occupied dwellings;807965
Region Hovedstaden;2012;Occupied dwellings;811563
Region Hovedstaden;2013;Occupied dwellings;816503
Region Hovedstaden;2014;Occupied dwellings;820613
Region Hovedstaden;2015;Occupied dwellings;825798
Province Byen København;2010;Occupied dwellings;354154
Province Byen København;2011;Occupied dwellings;356979
Province Byen København;2012;Occupied dwellings;359014
Province Byen København;2013;Occupied dwellings;361489
Province Byen København;2014;Occupied dwellings;363155
Province Byen København;2015;Occupied dwellings;366063
Copenhagen;2010;Occupied dwellings;278180
Copenhagen;2011;Occupied dwellings;280506
Copenhagen;2012;Occupied dwellings;282347
Copenhagen;2013;Occupied dwellings;284551
Copenhagen;2014;Occupied dwellings;286159
Copenhagen;2015;Occupied dwellings;288767
Frederiksberg;2010;Occupied dwellings;51758
Frederiksberg;2011;Occupied dwellings;52138
Frederiksberg;2012;Occupied dwellings;52317
Frederiksberg;2013;Occupied dwellings;52462
Frederiksberg;2014;Occupied dwellings;52485
Frederiksberg;2015;Occupied dwellings;52635
Dragør;2010;Occupied dwellings;5760
Dragør;2011;Occupied dwellings;5804
Dragør;2012;Occupied dwellings;5817
Dragør;2013;Occupied dwellings;5875
Dragør;2014;Occupied dwellings;5911
Dragør;2015;Occupied dwellings;5944
Tårnby;2010;Occupied dwellings;18456
Tårnby;2011;Occupied dwellings;18531
Tårnby;2012;Occupied dwellings;18533
Tårnby;2013;Occupied dwellings;18601
Tårnby;2014;Occupied dwellings;18600
Tårnby;2015;Occupied dwellings;18717
Province Københavns omegn;2010;Occupied dwellings;237101
Province Københavns omegn;2011;Occupied dwellings;238768
Province Københavns omegn;2012;Occupied dwellings;239962
Province Københavns omegn;2013;Occupied dwellings;241434
Province Københavns omegn;2014;Occupied dwellings;242614
Province Københavns omegn;2015;Occupied dwellings;243518
Albertslund;2010;Occupied dwellings;12297
Albertslund;2011;Occupied dwellings;12382
Albertslund;2012;Occupied dwellings;12422
Albertslund;2013;Occupied dwellings;12496
Albertslund;2014;Occupied dwellings;12449
Albertslund;2015;Occupied dwellings;12509
Ballerup;2010;Occupied dwellings;21886
Ballerup;2011;Occupied dwellings;21900
Ballerup;2012;Occupied dwellings;21987
Ballerup;2013;Occupied dwellings;22162
Ballerup;2014;Occupied dwellings;22318
Ballerup;2015;Occupied dwellings;22341
Brøndby;2010;Occupied dwellings;15600
Brøndby;2011;Occupied dwellings;15681
Brøndby;2012;Occupied dwellings;15671
Brøndby;2013;Occupied dwellings;15672
Brøndby;2014;Occupied dwellings;15698
Brøndby;2015;Occupied dwellings;15742
Gentofte;2010;Occupied dwellings;31730
Gentofte;2011;Occupied dwellings;32272
Gentofte;2012;Occupied dwellings;32640
Gentofte;2013;Occupied dwellings;32720
Gentofte;2014;Occupied dwellings;32803
Gentofte;2015;Occupied dwellings;32973
Gladsaxe;2010;Occupied dwellings;30294
Gladsaxe;2011;Occupied dwellings;30531
Gladsaxe;2012;Occupied dwellings;30503
Gladsaxe;2013;Occupied dwellings;30725
Gladsaxe;2014;Occupied dwellings;30885
Gladsaxe;2015;Occupied dwellings;31073
Glostrup;2010;Occupied dwellings;10700
Glostrup;2011;Occupied dwellings;10671
Glostrup;2012;Occupied dwellings;10736
Glostrup;2013;Occupied dwellings;10809
Glostrup;2014;Occupied dwellings;10827
Glostrup;2015;Occupied dwellings;10840
Herlev;2010;Occupied dwellings;12571
Herlev;2011;Occupied dwellings;12626
Herlev;2012;Occupied dwellings;12635
Herlev;2013;Occupied dwellings;12768
Herlev;2014;Occupied dwellings;13069
Herlev;2015;Occupied dwellings;13168
Hvidovre;2010;Occupied dwellings;23422
Hvidovre;2011;Occupied dwellings;23381
Hvidovre;2012;Occupied dwellings;23553
Hvidovre;2013;Occupied dwellings;23790
Hvidovre;2014;Occupied dwellings;23845
Hvidovre;2015;Occupied dwellings;23892
Høje-Taastrup;2010;Occupied dwellings;20677
Høje-Taastrup;2011;Occupied dwellings;20846
Høje-Taastrup;2012;Occupied dwellings;20932
Høje-Taastrup;2013;Occupied dwellings;21030
Høje-Taastrup;2014;Occupied dwellings;21135
Høje-Taastrup;2015;Occupied dwellings;21197
Ishøj;2010;Occupied dwellings;8713
Ishøj;2011;Occupied dwellings;8947
Ishøj;2012;Occupied dwellings;8987
Ishøj;2013;Occupied dwellings;9035
Ishøj;2014;Occupied dwellings;9153
Ishøj;2015;Occupied dwellings;9297
Lyngby-Taarbæk;2010;Occupied dwellings;25581
Lyngby-Taarbæk;2011;Occupied dwellings;25721
Lyngby-Taarbæk;2012;Occupied dwellings;26035
Lyngby-Taarbæk;2013;Occupied dwellings;26209
Lyngby-Taarbæk;2014;Occupied dwellings;26265
Lyngby-Taarbæk;2015;Occupied dwellings;26325
Rødovre;2010;Occupied dwellings;17700
Rødovre;2011;Occupied dwellings;17716
Rødovre;2012;Occupied dwellings;17768
Rødovre;2013;Occupied dwellings;17830
Rødovre;2014;Occupied dwellings;17893
Rødovre;2015;Occupied dwellings;17862
Vallensbæk;2010;Occupied dwellings;5930
Vallensbæk;2011;Occupied dwellings;6094
Vallensbæk;2012;Occupied dwellings;6093
Vallensbæk;2013;Occupied dwellings;6188
Vallensbæk;2014;Occupied dwellings;6274
Vallensbæk;2015;Occupied dwellings;6299
Province Nordsjælland;2010;Occupied dwellings;190639
Province Nordsjælland;2011;Occupied dwellings;191760
Province Nordsjælland;2012;Occupied dwellings;192233
Province Nordsjælland;2013;Occupied dwellings;193224
Province Nordsjælland;2014;Occupied dwellings;194562
Province Nordsjælland;2015;Occupied dwellings;196000
Allerød;2010;Occupied dwellings;9553
Allerød;2011;Occupied dwellings;9590
Allerød;2012;Occupied dwellings;9613
Allerød;2013;Occupied dwellings;9663
Allerød;2014;Occupied dwellings;9738
Allerød;2015;Occupied dwellings;9853
Egedal;2010;Occupied dwellings;16075
Egedal;2011;Occupied dwellings;16177
Egedal;2012;Occupied dwellings;16226
Egedal;2013;Occupied dwellings;16384
Egedal;2014;Occupied dwellings;16472
Egedal;2015;Occupied dwellings;16649
Fredensborg;2010;Occupied dwellings;16913
Fredensborg;2011;Occupied dwellings;16982
Fredensborg;2012;Occupied dwellings;17083
Fredensborg;2013;Occupied dwellings;17093
Fredensborg;2014;Occupied dwellings;17188
Fredensborg;2015;Occupied dwellings;17367
Frederikssund;2010;Occupied dwellings;18662
Frederikssund;2011;Occupied dwellings;18778
Frederikssund;2012;Occupied dwellings;18856
Frederikssund;2013;Occupied dwellings;18940
Frederikssund;2014;Occupied dwellings;19046
Frederikssund;2015;Occupied dwellings;19218
Furesø;2010;Occupied dwellings;16089
Furesø;2011;Occupied dwellings;16089
Furesø;2012;Occupied dwellings;16034
Furesø;2013;Occupied dwellings;16036
Furesø;2014;Occupied dwellings;16144
Furesø;2015;Occupied dwellings;16333
Gribskov;2010;Occupied dwellings;17050
Gribskov;2011;Occupied dwellings;17166
Gribskov;2012;Occupied dwellings;17205
Gribskov;2013;Occupied dwellings;17318
Gribskov;2014;Occupied dwellings;17408
Gribskov;2015;Occupied dwellings;17475
Halsnæs;2010;Occupied dwellings;13649
Halsnæs;2011;Occupied dwellings;13706
Halsnæs;2012;Occupied dwellings;13690
Halsnæs;2013;Occupied dwellings;13707
Halsnæs;2014;Occupied dwellings;13747
Halsnæs;2015;Occupied dwellings;13842
Helsingør;2010;Occupied dwellings;27683
Helsingør;2011;Occupied dwellings;27838
Helsingør;2012;Occupied dwellings;27874
Helsingør;2013;Occupied dwellings;28056
Helsingør;2014;Occupied dwellings;28427
Helsingør;2015;Occupied dwellings;28507
Hillerød;2010;Occupied dwellings;20078
Hillerød;2011;Occupied dwellings;20327
Hillerød;2012;Occupied dwellings;20509
Hillerød;2013;Occupied dwellings;20632
Hillerød;2014;Occupied dwellings;20842
Hillerød;2015;Occupied dwellings;20987
Hørsholm;2010;Occupied dwellings;11043
Hørsholm;2011;Occupied dwellings;11097
Hørsholm;2012;Occupied dwellings;11107
Hørsholm;2013;Occupied dwellings;11190
Hørsholm;2014;Occupied dwellings;11301
Hørsholm;2015;Occupied dwellings;11387
Rudersdal;2010;Occupied dwellings;23844
Rudersdal;2011;Occupied dwellings;24010
Rudersdal;2012;Occupied dwellings;24036
Rudersdal;2013;Occupied dwellings;24205
Rudersdal;2014;Occupied dwellings;24249
Rudersdal;2015;Occupied dwellings;24382
Province Bornholm;2010;Occupied dwellings;20481
Province Bornholm;2011;Occupied dwellings;20458
Province Bornholm;2012;Occupied dwellings;20354
Province Bornholm;2013;Occupied dwellings;20356
Province Bornholm;2014;Occupied dwellings;20282
Province Bornholm;2015;Occupied dwellings;20217
Bornholm;2010;Occupied dwellings;20481
Bornholm;2011;Occupied dwellings;20458
Bornholm;2012;Occupied dwellings;20354
Bornholm;2013;Occupied dwellings;20356
Bornholm;2014;Occupied dwellings;20282
Bornholm;2015;Occupied dwellings;20217
Christiansø;2010;Occupied dwellings;0
Christiansø;2011;Occupied dwellings;0
Christiansø;2012;Occupied dwellings;0
Christiansø;2013;Occupied dwellings;0
Christiansø;2014;Occupied dwellings;0
Christiansø;2015;Occupied dwellings;0
Region Sjælland;2010;Occupied dwellings;370897
Region Sjælland;2011;Occupied dwellings;372350
Region Sjælland;2012;Occupied dwellings;372907
Region Sjælland;2013;Occupied dwellings;374170
Region Sjælland;2014;Occupied dwellings;375471
Region Sjælland;2015;Occupied dwellings;377925
Province Østsjælland;2010;Occupied dwellings;100419
Province Østsjælland;2011;Occupied dwellings;101381
Province Østsjælland;2012;Occupied dwellings;102080
Province Østsjælland;2013;Occupied dwellings;102701
Province Østsjælland;2014;Occupied dwellings;103499
Province Østsjælland;2015;Occupied dwellings;104616
Greve;2010;Occupied dwellings;19797
Greve;2011;Occupied dwellings;19919
Greve;2012;Occupied dwellings;20225
Greve;2013;Occupied dwellings;20249
Greve;2014;Occupied dwellings;20305
Greve;2015;Occupied dwellings;20595
Køge;2010;Occupied dwellings;24401
Køge;2011;Occupied dwellings;24562
Køge;2012;Occupied dwellings;24560
Køge;2013;Occupied dwellings;24930
Køge;2014;Occupied dwellings;25241
Køge;2015;Occupied dwellings;25694
Lejre;2010;Occupied dwellings;10497
Lejre;2011;Occupied dwellings;10621
Lejre;2012;Occupied dwellings;10711
Lejre;2013;Occupied dwellings;10771
Lejre;2014;Occupied dwellings;10834
Lejre;2015;Occupied dwellings;10887
Roskilde;2010;Occupied dwellings;37080
Roskilde;2011;Occupied dwellings;37571
Roskilde;2012;Occupied dwellings;37829
Roskilde;2013;Occupied dwellings;37970
Roskilde;2014;Occupied dwellings;38243
Roskilde;2015;Occupied dwellings;38491
Solrød;2010;Occupied dwellings;8644
Solrød;2011;Occupied dwellings;8708
Solrød;2012;Occupied dwellings;8755
Solrød;2013;Occupied dwellings;8781
Solrød;2014;Occupied dwellings;8876
Solrød;2015;Occupied dwellings;8949
Province Vest- og Sydsjælland;2010;Occupied dwellings;270478
Province Vest- og Sydsjælland;2011;Occupied dwellings;270969
Province Vest- og Sydsjælland;2012;Occupied dwellings;270827
Province Vest- og Sydsjælland;2013;Occupied dwellings;271469
Province Vest- og Sydsjælland;2014;Occupied dwellings;271972
Province Vest- og Sydsjælland;2015;Occupied dwellings;273309
Faxe;2010;Occupied dwellings;15371
Faxe;2011;Occupied dwellings;15435
Faxe;2012;Occupied dwellings;15406
Faxe;2013;Occupied dwellings;15513
Faxe;2014;Occupied dwellings;15660
Faxe;2015;Occupied dwellings;15728
Guldborgsund;2010;Occupied dwellings;30546
Guldborgsund;2011;Occupied dwellings;30475
Guldborgsund;2012;Occupied dwellings;30334
Guldborgsund;2013;Occupied dwellings;30275
Guldborgsund;2014;Occupied dwellings;30361
Guldborgsund;2015;Occupied dwellings;30354
Holbæk;2010;Occupied dwellings;30596
Holbæk;2011;Occupied dwellings;30683
Holbæk;2012;Occupied dwellings;30728
Holbæk;2013;Occupied dwellings;30797
Holbæk;2014;Occupied dwellings;30772
Holbæk;2015;Occupied dwellings;30983
Kalundborg;2010;Occupied dwellings;22552
Kalundborg;2011;Occupied dwellings;22604
Kalundborg;2012;Occupied dwellings;22603
Kalundborg;2013;Occupied dwellings;22610
Kalundborg;2014;Occupied dwellings;22701
Kalundborg;2015;Occupied dwellings;22833
Lolland;2010;Occupied dwellings;23332
Lolland;2011;Occupied dwellings;23094
Lolland;2012;Occupied dwellings;22841
Lolland;2013;Occupied dwellings;22601
Lolland;2014;Occupied dwellings;22229
Lolland;2015;Occupied dwellings;22098
Næstved;2010;Occupied dwellings;37371
Næstved;2011;Occupied dwellings;37476
Næstved;2012;Occupied dwellings;37551
Næstved;2013;Occupied dwellings;37815
Næstved;2014;Occupied dwellings;38015
Næstved;2015;Occupied dwellings;38207
Odsherred;2010;Occupied dwellings;15550
Odsherred;2011;Occupied dwellings;15618
Odsherred;2012;Occupied dwellings;15620
Odsherred;2013;Occupied dwellings;15683
Odsherred;2014;Occupied dwellings;15808
Odsherred;2015;Occupied dwellings;15912
Ringsted;2010;Occupied dwellings;14389
Ringsted;2011;Occupied dwellings;14604
Ringsted;2012;Occupied dwellings;14749
Ringsted;2013;Occupied dwellings;14803
Ringsted;2014;Occupied dwellings;14815
Ringsted;2015;Occupied dwellings;14933
Slagelse;2010;Occupied dwellings;36313
Slagelse;2011;Occupied dwellings;36384
Slagelse;2012;Occupied dwellings;36443
Slagelse;2013;Occupied dwellings;36630
Slagelse;2014;Occupied dwellings;36676
Slagelse;2015;Occupied dwellings;36986
Sorø;2010;Occupied dwellings;12972
Sorø;2011;Occupied dwellings;13018
Sorø;2012;Occupied dwellings;13027
Sorø;2013;Occupied dwellings;13080
Sorø;2014;Occupied dwellings;13149
Sorø;2015;Occupied dwellings;13194
Stevns;2010;Occupied dwellings;9360
Stevns;2011;Occupied dwellings;9424
Stevns;2012;Occupied dwellings;9449
Stevns;2013;Occupied dwellings;9573
Stevns;2014;Occupied dwellings;9661
Stevns;2015;Occupied dwellings;9747
Vordingborg;2010;Occupied dwellings;22126
Vordingborg;2011;Occupied dwellings;22154
Vordingborg;2012;Occupied dwellings;22076
Vordingborg;2013;Occupied dwellings;22089
Vordingborg;2014;Occupied dwellings;22125
Vordingborg;2015;Occupied dwellings;22334
Region Syddanmark;2010;Occupied dwellings;550650
Region Syddanmark;2011;Occupied dwellings;553510
Region Syddanmark;2012;Occupied dwellings;555231
Region Syddanmark;2013;Occupied dwellings;557332
Region Syddanmark;2014;Occupied dwellings;559665
Region Syddanmark;2015;Occupied dwellings;562470
Province Fyn;2010;Occupied dwellings;226290
Province Fyn;2011;Occupied dwellings;227361
Province Fyn;2012;Occupied dwellings;227960
Province Fyn;2013;Occupied dwellings;228873
Province Fyn;2014;Occupied dwellings;229862
Province Fyn;2015;Occupied dwellings;230858
Assens;2010;Occupied dwellings;18380
Assens;2011;Occupied dwellings;18443
Assens;2012;Occupied dwellings;18521
Assens;2013;Occupied dwellings;18586
Assens;2014;Occupied dwellings;18565
Assens;2015;Occupied dwellings;18585
Faaborg-Midtfyn;2010;Occupied dwellings;23256
Faaborg-Midtfyn;2011;Occupied dwellings;23179
Faaborg-Midtfyn;2012;Occupied dwellings;23244
Faaborg-Midtfyn;2013;Occupied dwellings;23219
Faaborg-Midtfyn;2014;Occupied dwellings;23239
Faaborg-Midtfyn;2015;Occupied dwellings;23319
Kerteminde;2010;Occupied dwellings;10635
Kerteminde;2011;Occupied dwellings;10739
Kerteminde;2012;Occupied dwellings;10805
Kerteminde;2013;Occupied dwellings;10852
Kerteminde;2014;Occupied dwellings;10905
Kerteminde;2015;Occupied dwellings;10919
Langeland;2010;Occupied dwellings;6832
Langeland;2011;Occupied dwellings;6772
Langeland;2012;Occupied dwellings;6734
Langeland;2013;Occupied dwellings;6689
Langeland;2014;Occupied dwellings;6594
Langeland;2015;Occupied dwellings;6599
Middelfart;2010;Occupied dwellings;16696
Middelfart;2011;Occupied dwellings;16836
Middelfart;2012;Occupied dwellings;16891
Middelfart;2013;Occupied dwellings;16953
Middelfart;2014;Occupied dwellings;17049
Middelfart;2015;Occupied dwellings;17141
Nordfyns;2010;Occupied dwellings;12799
Nordfyns;2011;Occupied dwellings;12816
Nordfyns;2012;Occupied dwellings;12843
Nordfyns;2013;Occupied dwellings;12886
Nordfyns;2014;Occupied dwellings;12899
Nordfyns;2015;Occupied dwellings;12950
Nyborg;2010;Occupied dwellings;14477
Nyborg;2011;Occupied dwellings;14551
Nyborg;2012;Occupied dwellings;14533
Nyborg;2013;Occupied dwellings;14579
Nyborg;2014;Occupied dwellings;14654
Nyborg;2015;Occupied dwellings;14907
Odense;2010;Occupied dwellings;92067
Odense;2011;Occupied dwellings;92797
Odense;2012;Occupied dwellings;93221
Odense;2013;Occupied dwellings;93961
Odense;2014;Occupied dwellings;94841
Odense;2015;Occupied dwellings;95199
Svendborg;2010;Occupied dwellings;27600
Svendborg;2011;Occupied dwellings;27664
Svendborg;2012;Occupied dwellings;27604
Svendborg;2013;Occupied dwellings;27613
Svendborg;2014;Occupied dwellings;27629
Svendborg;2015;Occupied dwellings;27789
Ærø;2010;Occupied dwellings;3548
Ærø;2011;Occupied dwellings;3564
Ærø;2012;Occupied dwellings;3564
Ærø;2013;Occupied dwellings;3535
Ærø;2014;Occupied dwellings;3487
Ærø;2015;Occupied dwellings;3450
Province Sydjylland;2010;Occupied dwellings;324360
Province Sydjylland;2011;Occupied dwellings;326149
Province Sydjylland;2012;Occupied dwellings;327271
Province Sydjylland;2013;Occupied dwellings;328459
Province Sydjylland;2014;Occupied dwellings;329803
Province Sydjylland;2015;Occupied dwellings;331612
Billund;2010;Occupied dwellings;11521
Billund;2011;Occupied dwellings;11573
Billund;2012;Occupied dwellings;11669
Billund;2013;Occupied dwellings;11724
Billund;2014;Occupied dwellings;11798
Billund;2015;Occupied dwellings;11830
Esbjerg;2010;Occupied dwellings;53894
Esbjerg;2011;Occupied dwellings;54038
Esbjerg;2012;Occupied dwellings;54198
Esbjerg;2013;Occupied dwellings;54397
Esbjerg;2014;Occupied dwellings;54670
Esbjerg;2015;Occupied dwellings;54968
Fanø;2010;Occupied dwellings;1565
Fanø;2011;Occupied dwellings;1563
Fanø;2012;Occupied dwellings;1580
Fanø;2013;Occupied dwellings;1603
Fanø;2014;Occupied dwellings;1621
Fanø;2015;Occupied dwellings;1625
Fredericia;2010;Occupied dwellings;23514
Fredericia;2011;Occupied dwellings;23709
Fredericia;2012;Occupied dwellings;23784
Fredericia;2013;Occupied dwellings;23871
Fredericia;2014;Occupied dwellings;23920
Fredericia;2015;Occupied dwellings;24018
Haderslev;2010;Occupied dwellings;25828
Haderslev;2011;Occupied dwellings;25879
Haderslev;2012;Occupied dwellings;25946
Haderslev;2013;Occupied dwellings;25990
Haderslev;2014;Occupied dwellings;26074
Haderslev;2015;Occupied dwellings;26280
Kolding;2010;Occupied dwellings;40133
Kolding;2011;Occupied dwellings;40379
Kolding;2012;Occupied dwellings;40510
Kolding;2013;Occupied dwellings;40731
Kolding;2014;Occupied dwellings;40976
Kolding;2015;Occupied dwellings;41331
Sønderborg;2010;Occupied dwellings;35333
Sønderborg;2011;Occupied dwellings;35617
Sønderborg;2012;Occupied dwellings;35675
Sønderborg;2013;Occupied dwellings;35764
Sønderborg;2014;Occupied dwellings;35621
Sønderborg;2015;Occupied dwellings;35631
Tønder;2010;Occupied dwellings;18044
Tønder;2011;Occupied dwellings;18049
Tønder;2012;Occupied dwellings;17997
Tønder;2013;Occupied dwellings;17976
Tønder;2014;Occupied dwellings;17883
Tønder;2015;Occupied dwellings;17829
Varde;2010;Occupied dwellings;21694
Varde;2011;Occupied dwellings;21929
Varde;2012;Occupied dwellings;22026
Varde;2013;Occupied dwellings;22031
Varde;2014;Occupied dwellings;22148
Varde;2015;Occupied dwellings;22312
Vejen;2010;Occupied dwellings;18337
Vejen;2011;Occupied dwellings;18396
Vejen;2012;Occupied dwellings;18449
Vejen;2013;Occupied dwellings;18492
Vejen;2014;Occupied dwellings;18612
Vejen;2015;Occupied dwellings;18673
Vejle;2010;Occupied dwellings;47372
Vejle;2011;Occupied dwellings;47724
Vejle;2012;Occupied dwellings;48147
Vejle;2013;Occupied dwellings;48586
Vejle;2014;Occupied dwellings;49227
Vejle;2015;Occupied dwellings;49684
Aabenraa;2010;Occupied dwellings;27125
Aabenraa;2011;Occupied dwellings;27293
Aabenraa;2012;Occupied dwellings;27290
Aabenraa;2013;Occupied dwellings;27294
Aabenraa;2014;Occupied dwellings;27253
Aabenraa;2015;Occupied dwellings;27431
Region Midtjylland;2010;Occupied dwellings;565296
Region Midtjylland;2011;Occupied dwellings;568919
Region Midtjylland;2012;Occupied dwellings;572319
Region Midtjylland;2013;Occupied dwellings;577125
Region Midtjylland;2014;Occupied dwellings;581632
Region Midtjylland;2015;Occupied dwellings;585530
Province Østjylland;2010;Occupied dwellings;375615
Province Østjylland;2011;Occupied dwellings;378401
Province Østjylland;2012;Occupied dwellings;381027
Province Østjylland;2013;Occupied dwellings;385254
Province Østjylland;2014;Occupied dwellings;389016
Province Østjylland;2015;Occupied dwellings;392162
Favrskov;2010;Occupied dwellings;18964
Favrskov;2011;Occupied dwellings;19251
Favrskov;2012;Occupied dwellings;19386
Favrskov;2013;Occupied dwellings;19436
Favrskov;2014;Occupied dwellings;19507
Favrskov;2015;Occupied dwellings;19690
Hedensted;2010;Occupied dwellings;19103
Hedensted;2011;Occupied dwellings;19245
Hedensted;2012;Occupied dwellings;19324
Hedensted;2013;Occupied dwellings;19358
Hedensted;2014;Occupied dwellings;19398
Hedensted;2015;Occupied dwellings;19638
Horsens;2010;Occupied dwellings;37004
Horsens;2011;Occupied dwellings;37432
Horsens;2012;Occupied dwellings;37908
Horsens;2013;Occupied dwellings;38930
Horsens;2014;Occupied dwellings;39405
Horsens;2015;Occupied dwellings;39774
Norddjurs;2010;Occupied dwellings;17576
Norddjurs;2011;Occupied dwellings;17636
Norddjurs;2012;Occupied dwellings;17672
Norddjurs;2013;Occupied dwellings;17849
Norddjurs;2014;Occupied dwellings;17992
Norddjurs;2015;Occupied dwellings;18143
Odder;2010;Occupied dwellings;9385
Odder;2011;Occupied dwellings;9436
Odder;2012;Occupied dwellings;9450
Odder;2013;Occupied dwellings;9505
Odder;2014;Occupied dwellings;9622
Odder;2015;Occupied dwellings;9720
Randers;2010;Occupied dwellings;44897
Randers;2011;Occupied dwellings;45156
Randers;2012;Occupied dwellings;45381
Randers;2013;Occupied dwellings;45742
Randers;2014;Occupied dwellings;45959
Randers;2015;Occupied dwellings;46331
Samsø;2010;Occupied dwellings;2036
Samsø;2011;Occupied dwellings;1996
Samsø;2012;Occupied dwellings;2003
Samsø;2013;Occupied dwellings;1964
Samsø;2014;Occupied dwellings;1954
Samsø;2015;Occupied dwellings;1946
Silkeborg;2010;Occupied dwellings;38520
Silkeborg;2011;Occupied dwellings;38631
Silkeborg;2012;Occupied dwellings;38786
Silkeborg;2013;Occupied dwellings;38985
Silkeborg;2014;Occupied dwellings;39202
Silkeborg;2015;Occupied dwellings;39490
Skanderborg;2010;Occupied dwellings;23276
Skanderborg;2011;Occupied dwellings;23452
Skanderborg;2012;Occupied dwellings;23695
Skanderborg;2013;Occupied dwellings;23810
Skanderborg;2014;Occupied dwellings;23980
Skanderborg;2015;Occupied dwellings;24199
Syddjurs;2010;Occupied dwellings;18177
Syddjurs;2011;Occupied dwellings;18295
Syddjurs;2012;Occupied dwellings;18345
Syddjurs;2013;Occupied dwellings;18487
Syddjurs;2014;Occupied dwellings;18623
Syddjurs;2015;Occupied dwellings;18713
Aarhus;2010;Occupied dwellings;146677
Aarhus;2011;Occupied dwellings;147871
Aarhus;2012;Occupied dwellings;149077
Aarhus;2013;Occupied dwellings;151188
Aarhus;2014;Occupied dwellings;153374
Aarhus;2015;Occupied dwellings;154518
Province Vestjylland;2010;Occupied dwellings;189681
Province Vestjylland;2011;Occupied dwellings;190518
Province Vestjylland;2012;Occupied dwellings;191292
Province Vestjylland;2013;Occupied dwellings;191871
Province Vestjylland;2014;Occupied dwellings;192616
Province Vestjylland;2015;Occupied dwellings;193368
Herning;2010;Occupied dwellings;37987
Herning;2011;Occupied dwellings;38172
Herning;2012;Occupied dwellings;38478
Herning;2013;Occupied dwellings;38703
Herning;2014;Occupied dwellings;39030
Herning;2015;Occupied dwellings;39197
Holstebro;2010;Occupied dwellings;25684
Holstebro;2011;Occupied dwellings;25953
Holstebro;2012;Occupied dwellings;26017
Holstebro;2013;Occupied dwellings;26131
Holstebro;2014;Occupied dwellings;26237
Holstebro;2015;Occupied dwellings;26276
Ikast-Brande;2010;Occupied dwellings;17461
Ikast-Brande;2011;Occupied dwellings;17608
Ikast-Brande;2012;Occupied dwellings;17623
Ikast-Brande;2013;Occupied dwellings;17671
Ikast-Brande;2014;Occupied dwellings;17784
Ikast-Brande;2015;Occupied dwellings;17880
Lemvig;2010;Occupied dwellings;9756
Lemvig;2011;Occupied dwellings;9737
Lemvig;2012;Occupied dwellings;9695
Lemvig;2013;Occupied dwellings;9672
Lemvig;2014;Occupied dwellings;9618
Lemvig;2015;Occupied dwellings;9552
Ringkøbing-Skjern;2010;Occupied dwellings;25101
Ringkøbing-Skjern;2011;Occupied dwellings;25072
Ringkøbing-Skjern;2012;Occupied dwellings;25111
Ringkøbing-Skjern;2013;Occupied dwellings;25104
Ringkøbing-Skjern;2014;Occupied dwellings;25092
Ringkøbing-Skjern;2015;Occupied dwellings;25223
Skive;2010;Occupied dwellings;22057
Skive;2011;Occupied dwellings;22141
Skive;2012;Occupied dwellings;22131
Skive;2013;Occupied dwellings;22108
Skive;2014;Occupied dwellings;22101
Skive;2015;Occupied dwellings;22138
Struer;2010;Occupied dwellings;10058
Struer;2011;Occupied dwellings;10003
Struer;2012;Occupied dwellings;10124
Struer;2013;Occupied dwellings;10062
Struer;2014;Occupied dwellings;10005
Struer;2015;Occupied dwellings;10034
Viborg;2010;Occupied dwellings;41577
Viborg;2011;Occupied dwellings;41832
Viborg;2012;Occupied dwellings;42113
Viborg;2013;Occupied dwellings;42420
Viborg;2014;Occupied dwellings;42749
Viborg;2015;Occupied dwellings;43068
Region Nordjylland;2010;Occupied dwellings;269283
Region Nordjylland;2011;Occupied dwellings;270392
Region Nordjylland;2012;Occupied dwellings;271353
Region Nordjylland;2013;Occupied dwellings;272838
Region Nordjylland;2014;Occupied dwellings;274668
Region Nordjylland;2015;Occupied dwellings;276615
Province Nordjylland;2010;Occupied dwellings;269283
Province Nordjylland;2011;Occupied dwellings;270392
Province Nordjylland;2012;Occupied dwellings;271353
Province Nordjylland;2013;Occupied dwellings;272838
Province Nordjylland;2014;Occupied dwellings;274668
Province Nordjylland;2015;Occupied dwellings;276615
Brønderslev;2010;Occupied dwellings;16047
Brønderslev;2011;Occupied dwellings;16079
Brønderslev;2012;Occupied dwellings;16096
Brønderslev;2013;Occupied dwellings;16095
Brønderslev;2014;Occupied dwellings;16204
Brønderslev;2015;Occupied dwellings;16314
Frederikshavn;2010;Occupied dwellings;29605
Frederikshavn;2011;Occupied dwellings;29613
Frederikshavn;2012;Occupied dwellings;29589
Frederikshavn;2013;Occupied dwellings;29694
Frederikshavn;2014;Occupied dwellings;29702
Frederikshavn;2015;Occupied dwellings;29742
Hjørring;2010;Occupied dwellings;30558
Hjørring;2011;Occupied dwellings;30506
Hjørring;2012;Occupied dwellings;30471
Hjørring;2013;Occupied dwellings;30522
Hjørring;2014;Occupied dwellings;30527
Hjørring;2015;Occupied dwellings;30735
Jammerbugt;2010;Occupied dwellings;16964
Jammerbugt;2011;Occupied dwellings;16997
Jammerbugt;2012;Occupied dwellings;17114
Jammerbugt;2013;Occupied dwellings;17172
Jammerbugt;2014;Occupied dwellings;17181
Jammerbugt;2015;Occupied dwellings;17262
Læsø;2010;Occupied dwellings;1026
Læsø;2011;Occupied dwellings;1024
Læsø;2012;Occupied dwellings;1019
Læsø;2013;Occupied dwellings;998
Læsø;2014;Occupied dwellings;991
Læsø;2015;Occupied dwellings;985
Mariagerfjord;2010;Occupied dwellings;18982
Mariagerfjord;2011;Occupied dwellings;19100
Mariagerfjord;2012;Occupied dwellings;19184
Mariagerfjord;2013;Occupied dwellings;19180
Mariagerfjord;2014;Occupied dwellings;19223
Mariagerfjord;2015;Occupied dwellings;19365
Morsø;2010;Occupied dwellings;10123
Morsø;2011;Occupied dwellings;10120
Morsø;2012;Occupied dwellings;10089
Morsø;2013;Occupied dwellings;10025
Morsø;2014;Occupied dwellings;9979
Morsø;2015;Occupied dwellings;10011
Rebild;2010;Occupied dwellings;12012
Rebild;2011;Occupied dwellings;12094
Rebild;2012;Occupied dwellings;12156
Rebild;2013;Occupied dwellings;12179
Rebild;2014;Occupied dwellings;12229
Rebild;2015;Occupied dwellings;12278
Thisted;2010;Occupied dwellings;20456
Thisted;2011;Occupied dwellings;20474
Thisted;2012;Occupied dwellings;20437
Thisted;2013;Occupied dwellings;20424
Thisted;2014;Occupied dwellings;20447
Thisted;2015;Occupied dwellings;20465
Vesthimmerlands;2010;Occupied dwellings;17086
Vesthimmerlands;2011;Occupied dwellings;17179
Vesthimmerlands;2012;Occupied dwellings;17141
Vesthimmerlands;2013;Occupied dwellings;17239
Vesthimmerlands;2014;Occupied dwellings;17250
Vesthimmerlands;2015;Occupied dwellings;17262
Aalborg;2010;Occupied dwellings;96424
Aalborg;2011;Occupied dwellings;97206
Aalborg;2012;Occupied dwellings;98057
Aalborg;2013;Occupied dwellings;99310
Aalborg;2014;Occupied dwellings;100935
Aalborg;2015;Occupied dwellings;102196
